team_name,score
Spain,0.9243084858225435
Brazil,0.9237246660025478
Argentina,0.7897726807026697
France,0.7893215131690285
Netherlands,0.7765165352123927
Germany,0.759370693486142
England,0.758969541873657
Italy,0.7418964871038822
